Workbook

Sheet Formula
A1: Intercept | B1: 0.310843
A2: Winner | B2: 0.804638
A3: Relegation | B3: -0.286317
A4: Opponent Winner | B4: -0.698612
A5: Opponent Relegation | B5: 0.30446
A6: Home | B6: 0.127468

Sheet Matches
A1: Team | B1: GW1 Opponent | C1: GW1 Winner Prob | D1: GW1 Relegation Prob | E1: GW1 Opponent Winner Prob | F1: GW1 Opponent Relegation Prob | G1: GW1 Venue | H1: GW1 Match Win Prob | I1: GW2 Opponent | J1: GW2 Winner Prob | K1: GW2 Relegation Prob | L1: GW2 Opponent Winner Prob | M1: GW2 Opponent Relegation Prob | N1: GW2 Venue | O1: GW2 Match Win Prob | P1: GW2 Pred | Q1: GW3 Opponent | R1: GW3 Winner Prob | S1: GW3 Relegation Prob | T1: GW3 Opponent Winner Prob | U1: GW3 Opponent Relegation Prob | V1: GW3 Venue | W1: GW3 Match Win Prob | X1: GW4 Opponent | Y1: GW4 Winner Prob | Z1: GW4 Relegation Prob | AA1: GW4 Opponent Winner Prob | AB1: GW4 Opponent Relegation Prob | AC1: GW4 Venue | AD1: GW4 Match Win Prob
A2: Arsenal | B2: Man Utd | C2: =VLOOKUP($A2,'Outright Odds GW1'!$A:$C,2,FALSE) -> 0.26092629 | D2: =VLOOKUP($A2,'Outright Odds GW1'!$A:$C,3,FALSE) -> 0.00095142952 | E2: =VLOOKUP(B2,'Outright Odds GW1'!$A:$C,2,FALSE) -> 0.036630037 | F2: =VLOOKUP(B2,'Outright Odds GW1'!$A:$C,3,FALSE) -> 0.018674136 | G2: A | H2: =1/1.96/1.03 -> 0.49534377 | I2: Leeds | J2: =VLOOKUP($A2,'Outright Odds GW2'!$A:$C,2,FALSE) -> 0.26092629 | K2: =VLOOKUP($A2,'Outright Odds GW2'!$A:$C,3,FALSE) -> 0.00095142952 | L2: =VLOOKUP(I2,'Outright Odds GW2'!$A:$C,2,FALSE) -> 0.00095142952 | M2: =VLOOKUP(I2,'Outright Odds GW2'!$A:$C,3,FALSE) -> 0.3968254 | N2: H | O2: =1/1.34/1.03 -> 0.72453268 | P2: =0.306517 + 0.951949 *J2 - 0.287891 * K2 - 0.897169 * L2 + 0.276643 * M2 + 0.144756 * IF(N2="H",1,0) -> 0.80831299 | Q2: Liverpool | R2: =VLOOKUP($A2,'Outright Odds GW3'!$A:$C,2,FALSE) -> 0.34632035 | S2: =VLOOKUP($A2,'Outright Odds GW3'!$A:$C,3,FALSE) -> 0.00095142952 | T2: =VLOOKUP(Q2,'Outright Odds GW3'!$A:$C,2,FALSE) -> 0.34632035 | U2: =VLOOKUP(Q2,'Outright Odds GW3'!$A:$C,3,FALSE) -> 0.00063449764 | V2: A | W2: =1/3.67/1.03 -> 0.26454327 | X2: Nott'm Forest | Y2: =VLOOKUP($A2,'Outright Odds GW4'!$A:$C,2,FALSE) -> 0.34632035 | Z2: =VLOOKUP($A2,'Outright Odds GW4'!$A:$C,3,FALSE) -> 0.00095142952 | AA2: =VLOOKUP(X2,'Outright Odds GW4'!$A:$C,2,FALSE) -> 0.0063071586 | AB2: =VLOOKUP(X2,'Outright Odds GW4'!$A:$C,3,FALSE) -> 0.086580087 | AC2: H | AD2: =1/1.42/1.03 -> 0.68371393
A3: Aston Villa | B3: Newcastle | C3: =VLOOKUP($A3,'Outright Odds GW1'!$A:$C,2,FALSE) -> 0.0094295144 | D3: =VLOOKUP($A3,'Outright Odds GW1'!$A:$C,3,FALSE) -> 0.0063071586 | E3: =VLOOKUP(B3,'Outright Odds GW1'!$A:$C,2,FALSE) -> 0.013413816 | F3: =VLOOKUP(B3,'Outright Odds GW1'!$A:$C,3,FALSE) -> 0.0047382137 | G3: H | H3: =1/2.4/1.03 -> 0.40453074 | I3: Brentford | J3: =VLOOKUP($A3,'Outright Odds GW2'!$A:$C,2,FALSE) -> 0.0094295144 | K3: =VLOOKUP($A3,'Outright Odds GW2'!$A:$C,3,FALSE) -> 0.0063071586 | L3: =VLOOKUP(I3,'Outright Odds GW2'!$A:$C,2,FALSE) -> 0.00095142952 | M3: =VLOOKUP(I3,'Outright Odds GW2'!$A:$C,3,FALSE) -> 0.23809524 | N3: A | O3: =1/2.15/1.03 -> 0.4515692 | P3: =0.306517 + 0.951949 *J3 - 0.287891 * K3 - 0.897169 * L3 + 0.276643 * M3 + 0.144756 * IF(N3="H",1,0) -> 0.37869143 | Q3: Crystal Palace | R3: =VLOOKUP($A3,'Outright Odds GW3'!$A:$C,2,FALSE) -> 0.0063071586 | S3: =VLOOKUP($A3,'Outright Odds GW3'!$A:$C,3,FALSE) -> 0.018674136 | T3: =VLOOKUP(Q3,'Outright Odds GW3'!$A:$C,2,FALSE) -> 0.00190096 | U3: =VLOOKUP(Q3,'Outright Odds GW3'!$A:$C,3,FALSE) -> 0.095238095 | V3: H | W3: =1/1.85/1.03 -> 0.52479664 | X3: Everton | Y3: =VLOOKUP($A3,'Outright Odds GW4'!$A:$C,2,FALSE) -> 0.0063071586 | Z3: =VLOOKUP($A3,'Outright Odds GW4'!$A:$C,3,FALSE) -> 0.018674136 | AA3: =VLOOKUP(X3,'Outright Odds GW4'!$A:$C,2,FALSE) -> 0.00190096 | AB3: =VLOOKUP(X3,'Outright Odds GW4'!$A:$C,3,FALSE) -> 0.095238095 | AC3: A | AD3: =1/2.36/1.03 -> 0.4113872
A4: Bournemouth | B4: Liverpool | C4: =VLOOKUP($A4,'Outright Odds GW1'!$A:$C,2,FALSE) -> 0.0012681504 | D4: =VLOOKUP($A4,'Outright Odds GW1'!$A:$C,3,FALSE) -> 0.079365079 | E4: =VLOOKUP(B4,'Outright Odds GW1'!$A:$C,2,FALSE) -> 0.32840722 | F4: =VLOOKUP(B4,'Outright Odds GW1'!$A:$C,3,FALSE) -> 0.00095142952 | G4: A | H4: =1/8.97/1.03 -> 0.10823565 | I4: Wolves | J4: =VLOOKUP($A4,'Outright Odds GW2'!$A:$C,2,FALSE) -> 0.0012681504 | K4: =VLOOKUP($A4,'Outright Odds GW2'!$A:$C,3,FALSE) -> 0.079365079 | L4: =VLOOKUP(I4,'Outright Odds GW2'!$A:$C,2,FALSE) -> 0.00095142952 | M4: =VLOOKUP(I4,'Outright Odds GW2'!$A:$C,3,FALSE) -> 0.21978022 | N4: H | O4: =1/1.81/1.03 -> 0.53639436 | P4: =0.306517 + 0.951949 *J4 - 0.287891 * K4 - 0.897169 * L4 + 0.276643 * M4 + 0.144756 * IF(N4="H",1,0) -> 0.48957879 | Q4: Spurs | R4: =VLOOKUP($A4,'Outright Odds GW3'!$A:$C,2,FALSE) -> 0.00190096 | S4: =VLOOKUP($A4,'Outright Odds GW3'!$A:$C,3,FALSE) -> 0.086580087 | T4: =VLOOKUP(Q4,'Outright Odds GW3'!$A:$C,2,FALSE) -> 0.036630037 | U4: =VLOOKUP(Q4,'Outright Odds GW3'!$A:$C,3,FALSE) -> 0.0063071586 | V4: A | W4: =1/4.61/1.03 -> 0.21060169 | X4: Brighton | Y4: =VLOOKUP($A4,'Outright Odds GW4'!$A:$C,2,FALSE) -> 0.00190096 | Z4: =VLOOKUP($A4,'Outright Odds GW4'!$A:$C,3,FALSE) -> 0.086580087 | AA4: =VLOOKUP(X4,'Outright Odds GW4'!$A:$C,2,FALSE) -> 0.00190096 | AB4: =VLOOKUP(X4,'Outright Odds GW4'!$A:$C,3,FALSE) -> 0.056022409 | AC4: H | AD4: =1/2.4/1.03 -> 0.40453074
A5: Brentford | B5: Nott'm Forest | C5: =VLOOKUP($A5,'Outright Odds GW1'!$A:$C,2,FALSE) -> 0.00095142952 | D5: =VLOOKUP($A5,'Outright Odds GW1'!$A:$C,3,FALSE) -> 0.23809524 | E5: =VLOOKUP(B5,'Outright Odds GW1'!$A:$C,2,FALSE) -> 0.00190096 | F5: =VLOOKUP(B5,'Outright Odds GW1'!$A:$C,3,FALSE) -> 0.086580087 | G5: A | H5: =1/4.24/1.03 -> 0.22897967 | I5: Aston Villa | J5: =VLOOKUP($A5,'Outright Odds GW2'!$A:$C,2,FALSE) -> 0.00095142952 | K5: =VLOOKUP($A5,'Outright Odds GW2'!$A:$C,3,FALSE) -> 0.23809524 | L5: =VLOOKUP(I5,'Outright Odds GW2'!$A:$C,2,FALSE) -> 0.0094295144 | M5: =VLOOKUP(I5,'Outright Odds GW2'!$A:$C,3,FALSE) -> 0.0063071586 | N5: H | O5: =1/3.4/1.03 -> 0.28555111 | P5: =0.306517 + 0.951949 *J5 - 0.287891 * K5 - 0.897169 * L5 + 0.276643 * M5 + 0.144756 * IF(N5="H",1,0) -> 0.3769182 | Q5: Sunderland | R5: =VLOOKUP($A5,'Outright Odds GW3'!$A:$C,2,FALSE) -> 0.00095142952 | S5: =VLOOKUP($A5,'Outright Odds GW3'!$A:$C,3,FALSE) -> 0.25396825 | T5: =VLOOKUP(Q5,'Outright Odds GW3'!$A:$C,2,FALSE) -> 0.00063449764 | U5: =VLOOKUP(Q5,'Outright Odds GW3'!$A:$C,3,FALSE) -> 0.60661207 | V5: A | W5: =1/2.63/1.03 -> 0.36915353 | X5: Chelsea | Y5: =VLOOKUP($A5,'Outright Odds GW4'!$A:$C,2,FALSE) -> 0.00095142952 | Z5: =VLOOKUP($A5,'Outright Odds GW4'!$A:$C,3,FALSE) -> 0.25396825 | AA5: =VLOOKUP(X5,'Outright Odds GW4'!$A:$C,2,FALSE) -> 0.11904762 | AB5: =VLOOKUP(X5,'Outright Odds GW4'!$A:$C,3,FALSE) -> 0.00190096 | AC5: H | AD5: =1/4.6/1.03 -> 0.21105952
A6: Brighton | B6: Fulham | C6: =VLOOKUP($A6,'Outright Odds GW1'!$A:$C,2,FALSE) -> 0.0037943464 | D6: =VLOOKUP($A6,'Outright Odds GW1'!$A:$C,3,FALSE) -> 0.041407867 | E6: =VLOOKUP(B6,'Outright Odds GW1'!$A:$C,2,FALSE) -> 0.00095142952 | F6: =VLOOKUP(B6,'Outright Odds GW1'!$A:$C,3,FALSE) -> 0.073260073 | G6: H | H6: =1/1.84/1.03 -> 0.5276488 | I6: Everton | J6: =VLOOKUP($A6,'Outright Odds GW2'!$A:$C,2,FALSE) -> 0.0037943464 | K6: =VLOOKUP($A6,'Outright Odds GW2'!$A:$C,3,FALSE) -> 0.041407867 | L6: =VLOOKUP(I6,'Outright Odds GW2'!$A:$C,2,FALSE) -> 0.00190096 | M6: =VLOOKUP(I6,'Outright Odds GW2'!$A:$C,3,FALSE) -> 0.10025063 | N6: A | O6: =1/2.43/1.03 -> 0.39953654 | P6: =0.306517 + 0.951949 *J6 - 0.287891 * K6 - 0.897169 * L6 + 0.276643 * M6 + 0.144756 * IF(N6="H",1,0) -> 0.32423622 | Q6: Man City | R6: =VLOOKUP($A6,'Outright Odds GW3'!$A:$C,2,FALSE) -> 0.00190096 | S6: =VLOOKUP($A6,'Outright Odds GW3'!$A:$C,3,FALSE) -> 0.056022409 | T6: =VLOOKUP(Q6,'Outright Odds GW3'!$A:$C,2,FALSE) -> 0.17316017 | U6: =VLOOKUP(Q6,'Outright Odds GW3'!$A:$C,3,FALSE) -> 0.045351474 | V6: H | W6: =1/4.28/1.03 -> 0.22683967 | X6: Bournemouth | Y6: =VLOOKUP($A6,'Outright Odds GW4'!$A:$C,2,FALSE) -> 0.00190096 | Z6: =VLOOKUP($A6,'Outright Odds GW4'!$A:$C,3,FALSE) -> 0.056022409 | AA6: =VLOOKUP(X6,'Outright Odds GW4'!$A:$C,2,FALSE) -> 0.00190096 | AB6: =VLOOKUP(X6,'Outright Odds GW4'!$A:$C,3,FALSE) -> 0.086580087 | AC6: A | AD6: =1/2.81/1.03 -> 0.34550669
A7: Burnley | B7: Spurs | C7: =VLOOKUP($A7,'Outright Odds GW1'!$A:$C,2,FALSE) -> 0.0004759525 | D7: =VLOOKUP($A7,'Outright Odds GW1'!$A:$C,3,FALSE) -> 0.68027211 | E7: =VLOOKUP(B7,'Outright Odds GW1'!$A:$C,2,FALSE) -> 0.018674136 | F7: =VLOOKUP(B7,'Outright Odds GW1'!$A:$C,3,FALSE) -> 0.0094295144 | G7: A | H7: =1/6.39/1.03 -> 0.15193643 | I7: Sunderland | J7: =VLOOKUP($A7,'Outright Odds GW2'!$A:$C,2,FALSE) -> 0.0004759525 | K7: =VLOOKUP($A7,'Outright Odds GW2'!$A:$C,3,FALSE) -> 0.68027211 | L7: =VLOOKUP(I7,'Outright Odds GW2'!$A:$C,2,FALSE) -> 0.0004759525 | M7: =VLOOKUP(I7,'Outright Odds GW2'!$A:$C,3,FALSE) -> 0.65934066 | N7: H | O7: =1/2.4/1.03 -> 0.40453074 | P7: =0.306517 + 0.951949 *J7 - 0.287891 * K7 - 0.897169 * L7 + 0.276643 * M7 + 0.144756 * IF(N7="H",1,0) -> 0.43785683 | Q7: Man Utd | R7: =VLOOKUP($A7,'Outright Odds GW3'!$A:$C,2,FALSE) -> 0.00063449764 | S7: =VLOOKUP($A7,'Outright Odds GW3'!$A:$C,3,FALSE) -> 0.70028011 | T7: =VLOOKUP(Q7,'Outright Odds GW3'!$A:$C,2,FALSE) -> 0.028011204 | U7: =VLOOKUP(Q7,'Outright Odds GW3'!$A:$C,3,FALSE) -> 0.028011204 | V7: A | W7: =1/8.73/1.03 -> 0.1112112 | X7: Liverpool | Y7: =VLOOKUP($A7,'Outright Odds GW4'!$A:$C,2,FALSE) -> 0.00063449764 | Z7: =VLOOKUP($A7,'Outright Odds GW4'!$A:$C,3,FALSE) -> 0.70028011 | AA7: =VLOOKUP(X7,'Outright Odds GW4'!$A:$C,2,FALSE) -> 0.34632035 | AB7: =VLOOKUP(X7,'Outright Odds GW4'!$A:$C,3,FALSE) -> 0.00063449764 | AC7: H | AD7: =1/9.3/1.03 -> 0.10439503
A8: Chelsea | B8: Crystal Palace | C8: =VLOOKUP($A8,'Outright Odds GW1'!$A:$C,2,FALSE) -> 0.095238095 | D8: =VLOOKUP($A8,'Outright Odds GW1'!$A:$C,3,FALSE) -> 0.0047382137 | E8: =VLOOKUP(B8,'Outright Odds GW1'!$A:$C,2,FALSE) -> 0.00190096 | F8: =VLOOKUP(B8,'Outright Odds GW1'!$A:$C,3,FALSE) -> 0.086580087 | G8: H | H8: =1/1.82/1.03 -> 0.53344714 | I8: West Ham | J8: =VLOOKUP($A8,'Outright Odds GW2'!$A:$C,2,FALSE) -> 0.095238095 | K8: =VLOOKUP($A8,'Outright Odds GW2'!$A:$C,3,FALSE) -> 0.0047382137 | L8: =VLOOKUP(I8,'Outright Odds GW2'!$A:$C,2,FALSE) -> 0.00095142952 | M8: =VLOOKUP(I8,'Outright Odds GW2'!$A:$C,3,FALSE) -> 0.14652015 | N8: A | O8: =1/1.74/1.03 -> 0.55797344 | P8: =0.306517 + 0.951949 *J8 - 0.287891 * K8 - 0.897169 * L8 + 0.276643 * M8 + 0.144756 * IF(N8="H",1,0) -> 0.4354949 | Q8: Fulham | R8: =VLOOKUP($A8,'Outright Odds GW3'!$A:$C,2,FALSE) -> 0.11904762 | S8: =VLOOKUP($A8,'Outright Odds GW3'!$A:$C,3,FALSE) -> 0.00190096 | T8: =VLOOKUP(Q8,'Outright Odds GW3'!$A:$C,2,FALSE) -> 0.00095142952 | U8: =VLOOKUP(Q8,'Outright Odds GW3'!$A:$C,3,FALSE) -> 0.095238095 | V8: H | W8: =1/1.54/1.03 -> 0.63043752 | X8: Brentford | Y8: =VLOOKUP($A8,'Outright Odds GW4'!$A:$C,2,FALSE) -> 0.11904762 | Z8: =VLOOKUP($A8,'Outright Odds GW4'!$A:$C,3,FALSE) -> 0.00190096 | AA8: =VLOOKUP(X8,'Outright Odds GW4'!$A:$C,2,FALSE) -> 0.00095142952 | AB8: =VLOOKUP(X8,'Outright Odds GW4'!$A:$C,3,FALSE) -> 0.25396825 | AC8: A | AD8: =1/1.72/1.03 -> 0.5644615
A9: Crystal Palace | B9: Chelsea | C9: =VLOOKUP($A9,'Outright Odds GW1'!$A:$C,2,FALSE) -> 0.00190096 | D9: =VLOOKUP($A9,'Outright Odds GW1'!$A:$C,3,FALSE) -> 0.086580087 | E9: =VLOOKUP(B9,'Outright Odds GW1'!$A:$C,2,FALSE) -> 0.095238095 | F9: =VLOOKUP(B9,'Outright Odds GW1'!$A:$C,3,FALSE) -> 0.0047382137 | G9: A | H9: =1/4.39/1.03 -> 0.22115576 | I9: Nott'm Forest | J9: =VLOOKUP($A9,'Outright Odds GW2'!$A:$C,2,FALSE) -> 0.00190096 | K9: =VLOOKUP($A9,'Outright Odds GW2'!$A:$C,3,FALSE) -> 0.086580087 | L9: =VLOOKUP(I9,'Outright Odds GW2'!$A:$C,2,FALSE) -> 0.00190096 | M9: =VLOOKUP(I9,'Outright Odds GW2'!$A:$C,3,FALSE) -> 0.086580087 | N9: H | O9: =1/2.39/1.03 -> 0.40622334 | P9: =0.306517 + 0.951949 *J9 - 0.287891 * K9 - 0.897169 * L9 + 0.276643 * M9 + 0.144756 * IF(N9="H",1,0) -> 0.45040328 | Q9: Aston Villa | R9: =VLOOKUP($A9,'Outright Odds GW3'!$A:$C,2,FALSE) -> 0.00190096 | S9: =VLOOKUP($A9,'Outright Odds GW3'!$A:$C,3,FALSE) -> 0.095238095 | T9: =VLOOKUP(Q9,'Outright Odds GW3'!$A:$C,2,FALSE) -> 0.0063071586 | U9: =VLOOKUP(Q9,'Outright Odds GW3'!$A:$C,3,FALSE) -> 0.018674136 | V9: A | W9: =1/4.33/1.03 -> 0.22422027 | X9: Sunderland | Y9: =VLOOKUP($A9,'Outright Odds GW4'!$A:$C,2,FALSE) -> 0.00190096 | Z9: =VLOOKUP($A9,'Outright Odds GW4'!$A:$C,3,FALSE) -> 0.095238095 | AA9: =VLOOKUP(X9,'Outright Odds GW4'!$A:$C,2,FALSE) -> 0.00063449764 | AB9: =VLOOKUP(X9,'Outright Odds GW4'!$A:$C,3,FALSE) -> 0.60661207 | AC9: H | AD9: =1/1.7/1.03 -> 0.57110223
A10: Everton | B10: Leeds | C10: =VLOOKUP($A10,'Outright Odds GW1'!$A:$C,2,FALSE) -> 0.00190096 | D10: =VLOOKUP($A10,'Outright Odds GW1'!$A:$C,3,FALSE) -> 0.10025063 | E10: =VLOOKUP(B10,'Outright Odds GW1'!$A:$C,2,FALSE) -> 0.00095142952 | F10: =VLOOKUP(B10,'Outright Odds GW1'!$A:$C,3,FALSE) -> 0.3968254 | G10: A | H10: =1/3.14/1.03 -> 0.30919547 | I10: Brighton | J10: =VLOOKUP($A10,'Outright Odds GW2'!$A:$C,2,FALSE) -> 0.00190096 | K10: =VLOOKUP($A10,'Outright Odds GW2'!$A:$C,3,FALSE) -> 0.10025063 | L10: =VLOOKUP(I10,'Outright Odds GW2'!$A:$C,2,FALSE) -> 0.0037943464 | M10: =VLOOKUP(I10,'Outright Odds GW2'!$A:$C,3,FALSE) -> 0.041407867 | N10: H | O10: =1/2.98/1.03 -> 0.32579657 | P10: =0.306517 + 0.951949 *J10 - 0.287891 * K10 - 0.897169 * L10 + 0.276643 * M10 + 0.144756 * IF(N10="H",1,0) -> 0.43227239 | Q10: Wolves | R10: =VLOOKUP($A10,'Outright Odds GW3'!$A:$C,2,FALSE) -> 0.00190096 | S10: =VLOOKUP($A10,'Outright Odds GW3'!$A:$C,3,FALSE) -> 0.095238095 | T10: =VLOOKUP(Q10,'Outright Odds GW3'!$A:$C,2,FALSE) -> 0.00063449764 | U10: =VLOOKUP(Q10,'Outright Odds GW3'!$A:$C,3,FALSE) -> 0.38095238 | V10: A | W10: =1/2.94/1.03 -> 0.33022918 | X10: Aston Villa | Y10: =VLOOKUP($A10,'Outright Odds GW4'!$A:$C,2,FALSE) -> 0.00190096 | Z10: =VLOOKUP($A10,'Outright Odds GW4'!$A:$C,3,FALSE) -> 0.095238095 | AA10: =VLOOKUP(X10,'Outright Odds GW4'!$A:$C,2,FALSE) -> 0.0063071586 | AB10: =VLOOKUP(X10,'Outright Odds GW4'!$A:$C,3,FALSE) -> 0.018674136 | AC10: H | AD10: =1/3.1/1.03 -> 0.31318509
A11: Fulham | B11: Brighton | C11: =VLOOKUP($A11,'Outright Odds GW1'!$A:$C,2,FALSE) -> 0.00095142952 | D11: =VLOOKUP($A11,'Outright Odds GW1'!$A:$C,3,FALSE) -> 0.073260073 | E11: =VLOOKUP(B11,'Outright Odds GW1'!$A:$C,2,FALSE) -> 0.0037943464 | F11: =VLOOKUP(B11,'Outright Odds GW1'!$A:$C,3,FALSE) -> 0.041407867 | G11: A | H11: =1/4.35/1.03 -> 0.22318938 | I11: Man Utd | J11: =VLOOKUP($A11,'Outright Odds GW2'!$A:$C,2,FALSE) -> 0.00095142952 | K11: =VLOOKUP($A11,'Outright Odds GW2'!$A:$C,3,FALSE) -> 0.073260073 | L11: =VLOOKUP(I11,'Outright Odds GW2'!$A:$C,2,FALSE) -> 0.036630037 | M11: =VLOOKUP(I11,'Outright Odds GW2'!$A:$C,3,FALSE) -> 0.018674136 | N11: H | O11: =1/3.53/1.03 -> 0.27503507 | P11: =0.306517 + 0.951949 *J11 - 0.287891 * K11 - 0.897169 * L11 + 0.276643 * M11 + 0.144756 * IF(N11="H",1,0) -> 0.40339053 | Q11: Chelsea | R11: =VLOOKUP($A11,'Outright Odds GW3'!$A:$C,2,FALSE) -> 0.00095142952 | S11: =VLOOKUP($A11,'Outright Odds GW3'!$A:$C,3,FALSE) -> 0.095238095 | T11: =VLOOKUP(Q11,'Outright Odds GW3'!$A:$C,2,FALSE) -> 0.11904762 | U11: =VLOOKUP(Q11,'Outright Odds GW3'!$A:$C,3,FALSE) -> 0.00190096 | V11: A | W11: =1/5.78/1.03 -> 0.16797124 | X11: Leeds | Y11: =VLOOKUP($A11,'Outright Odds GW4'!$A:$C,2,FALSE) -> 0.00095142952 | Z11: =VLOOKUP($A11,'Outright Odds GW4'!$A:$C,3,FALSE) -> 0.095238095 | AA11: =VLOOKUP(X11,'Outright Odds GW4'!$A:$C,2,FALSE) -> 0.00190096 | AB11: =VLOOKUP(X11,'Outright Odds GW4'!$A:$C,3,FALSE) -> 0.29304029 | AC11: H | AD11: =1/1.87/1.03 -> 0.51918384
A12: Leeds | B12: Everton | C12: =VLOOKUP($A12,'Outright Odds GW1'!$A:$C,2,FALSE) -> 0.00095142952 | D12: =VLOOKUP($A12,'Outright Odds GW1'!$A:$C,3,FALSE) -> 0.3968254 | E12: =VLOOKUP(B12,'Outright Odds GW1'!$A:$C,2,FALSE) -> 0.00190096 | F12: =VLOOKUP(B12,'Outright Odds GW1'!$A:$C,3,FALSE) -> 0.10025063 | G12: H | H12: =1/2.4/1.03 -> 0.40453074 | I12: Arsenal | J12: =VLOOKUP($A12,'Outright Odds GW2'!$A:$C,2,FALSE) -> 0.00095142952 | K12: =VLOOKUP($A12,'Outright Odds GW2'!$A:$C,3,FALSE) -> 0.3968254 | L12: =VLOOKUP(I12,'Outright Odds GW2'!$A:$C,2,FALSE) -> 0.26092629 | M12: =VLOOKUP(I12,'Outright Odds GW2'!$A:$C,3,FALSE) -> 0.00095142952 | N12: A | O12: =1/8.88/1.03 -> 0.10933263 | P12: =0.306517 + 0.951949 *J12 - 0.287891 * K12 - 0.897169 * L12 + 0.276643 * M12 + 0.144756 * IF(N12="H",1,0) -> -0.040651519 | Q12: Newcastle | R12: =VLOOKUP($A12,'Outright Odds GW3'!$A:$C,2,FALSE) -> 0.00190096 | S12: =VLOOKUP($A12,'Outright Odds GW3'!$A:$C,3,FALSE) -> 0.29304029 | T12: =VLOOKUP(Q12,'Outright Odds GW3'!$A:$C,2,FALSE) -> 0.01175779 | U12: =VLOOKUP(Q12,'Outright Odds GW3'!$A:$C,3,FALSE) -> 0.0094295144 | V12: H | W12: =1/3.66/1.03 -> 0.26526606 | X12: Fulham | Y12: =VLOOKUP($A12,'Outright Odds GW4'!$A:$C,2,FALSE) -> 0.00190096 | Z12: =VLOOKUP($A12,'Outright Odds GW4'!$A:$C,3,FALSE) -> 0.29304029 | AA12: =VLOOKUP(X12,'Outright Odds GW4'!$A:$C,2,FALSE) -> 0.00095142952 | AB12: =VLOOKUP(X12,'Outright Odds GW4'!$A:$C,3,FALSE) -> 0.095238095 | AC12: A | AD12: =1/4.03/1.03 -> 0.24091161
A13: Liverpool | B13: Bournemouth | C13: =VLOOKUP($A13,'Outright Odds GW1'!$A:$C,2,FALSE) -> 0.32840722 | D13: =VLOOKUP($A13,'Outright Odds GW1'!$A:$C,3,FALSE) -> 0.00095142952 | E13: =VLOOKUP(B13,'Outright Odds GW1'!$A:$C,2,FALSE) -> 0.0012681504 | F13: =VLOOKUP(B13,'Outright Odds GW1'!$A:$C,3,FALSE) -> 0.079365079 | G13: H | H13: =1/1.3/1.03 -> 0.74682599 | I13: Newcastle | J13: =VLOOKUP($A13,'Outright Odds GW2'!$A:$C,2,FALSE) -> 0.32840722 | K13: =VLOOKUP($A13,'Outright Odds GW2'!$A:$C,3,FALSE) -> 0.00095142952 | L13: =VLOOKUP(I13,'Outright Odds GW2'!$A:$C,2,FALSE) -> 0.013413816 | M13: =VLOOKUP(I13,'Outright Odds GW2'!$A:$C,3,FALSE) -> 0.0047382137 | N13: A | O13: =1/2.18/1.03 -> 0.44535495 | P13: =0.306517 + 0.951949 *J13 - 0.287891 * K13 - 0.897169 * L13 + 0.276643 * M13 + 0.144756 * IF(N13="H",1,0) -> 0.60814635 | Q13: Arsenal | R13: =VLOOKUP($A13,'Outright Odds GW3'!$A:$C,2,FALSE) -> 0.34632035 | S13: =VLOOKUP($A13,'Outright Odds GW3'!$A:$C,3,FALSE) -> 0.00063449764 | T13: =VLOOKUP(Q13,'Outright Odds GW3'!$A:$C,2,FALSE) -> 0.34632035 | U13: =VLOOKUP(Q13,'Outright Odds GW3'!$A:$C,3,FALSE) -> 0.00095142952 | V13: H | W13: =1/2/1.03 -> 0.48543689 | X13: Burnley | Y13: =VLOOKUP($A13,'Outright Odds GW4'!$A:$C,2,FALSE) -> 0.34632035 | Z13: =VLOOKUP($A13,'Outright Odds GW4'!$A:$C,3,FALSE) -> 0.00063449764 | AA13: =VLOOKUP(X13,'Outright Odds GW4'!$A:$C,2,FALSE) -> 0.00063449764 | AB13: =VLOOKUP(X13,'Outright Odds GW4'!$A:$C,3,FALSE) -> 0.70028011 | AC13: A | AD13: =1/1.32/1.03 -> 0.73551044
A14: Man City | B14: Wolves | C14: =VLOOKUP($A14,'Outright Odds GW1'!$A:$C,2,FALSE) -> 0.21164021 | D14: =VLOOKUP($A14,'Outright Odds GW1'!$A:$C,3,FALSE) -> 0.045351474 | E14: =VLOOKUP(B14,'Outright Odds GW1'!$A:$C,2,FALSE) -> 0.00095142952 | F14: =VLOOKUP(B14,'Outright Odds GW1'!$A:$C,3,FALSE) -> 0.21978022 | G14: A | H14: =1/1.53/1.03 -> 0.63455803 | I14: Spurs | J14: =VLOOKUP($A14,'Outright Odds GW2'!$A:$C,2,FALSE) -> 0.21164021 | K14: =VLOOKUP($A14,'Outright Odds GW2'!$A:$C,3,FALSE) -> 0.045351474 | L14: =VLOOKUP(I14,'Outright Odds GW2'!$A:$C,2,FALSE) -> 0.018674136 | M14: =VLOOKUP(I14,'Outright Odds GW2'!$A:$C,3,FALSE) -> 0.0094295144 | N14: H | O14: =1/1.55/1.03 -> 0.62637018 | P14: =0.306517 + 0.951949 *J14 - 0.287891 * K14 - 0.897169 * L14 + 0.276643 * M14 + 0.144756 * IF(N14="H",1,0) -> 0.62554216 | Q14: Brighton | R14: =VLOOKUP($A14,'Outright Odds GW3'!$A:$C,2,FALSE) -> 0.17316017 | S14: =VLOOKUP($A14,'Outright Odds GW3'!$A:$C,3,FALSE) -> 0.045351474 | T14: =VLOOKUP(Q14,'Outright Odds GW3'!$A:$C,2,FALSE) -> 0.00190096 | U14: =VLOOKUP(Q14,'Outright Odds GW3'!$A:$C,3,FALSE) -> 0.056022409 | V14: A | W14: =1/1.78/1.03 -> 0.54543471 | X14: Man Utd | Y14: =VLOOKUP($A14,'Outright Odds GW4'!$A:$C,2,FALSE) -> 0.17316017 | Z14: =VLOOKUP($A14,'Outright Odds GW4'!$A:$C,3,FALSE) -> 0.045351474 | AA14: =VLOOKUP(X14,'Outright Odds GW4'!$A:$C,2,FALSE) -> 0.028011204 | AB14: =VLOOKUP(X14,'Outright Odds GW4'!$A:$C,3,FALSE) -> 0.028011204 | AC14: H | AD14: =1/1.77/1.03 -> 0.54851626
A15: Man Utd | B15: Arsenal | C15: =VLOOKUP($A15,'Outright Odds GW1'!$A:$C,2,FALSE) -> 0.036630037 | D15: =VLOOKUP($A15,'Outright Odds GW1'!$A:$C,3,FALSE) -> 0.018674136 | E15: =VLOOKUP(B15,'Outright Odds GW1'!$A:$C,2,FALSE) -> 0.26092629 | F15: =VLOOKUP(B15,'Outright Odds GW1'!$A:$C,3,FALSE) -> 0.00095142952 | G15: H | H15: =1/3.81/1.03 -> 0.25482252 | I15: Fulham | J15: =VLOOKUP($A15,'Outright Odds GW2'!$A:$C,2,FALSE) -> 0.036630037 | K15: =VLOOKUP($A15,'Outright Odds GW2'!$A:$C,3,FALSE) -> 0.018674136 | L15: =VLOOKUP(I15,'Outright Odds GW2'!$A:$C,2,FALSE) -> 0.00095142952 | M15: =VLOOKUP(I15,'Outright Odds GW2'!$A:$C,3,FALSE) -> 0.073260073 | N15: A | O15: =1/2.09/1.03 -> 0.46453291 | P15: =0.306517 + 0.951949 *J15 - 0.287891 * K15 - 0.897169 * L15 + 0.276643 * M15 + 0.144756 * IF(N15="H",1,0) -> 0.3554241 | Q15: Burnley | R15: =VLOOKUP($A15,'Outright Odds GW3'!$A:$C,2,FALSE) -> 0.028011204 | S15: =VLOOKUP($A15,'Outright Odds GW3'!$A:$C,3,FALSE) -> 0.028011204 | T15: =VLOOKUP(Q15,'Outright Odds GW3'!$A:$C,2,FALSE) -> 0.00063449764 | U15: =VLOOKUP(Q15,'Outright Odds GW3'!$A:$C,3,FALSE) -> 0.70028011 | V15: H | W15: =1/1.35/1.03 -> 0.71916577 | X15: Man City | Y15: =VLOOKUP($A15,'Outright Odds GW4'!$A:$C,2,FALSE) -> 0.028011204 | Z15: =VLOOKUP($A15,'Outright Odds GW4'!$A:$C,3,FALSE) -> 0.028011204 | AA15: =VLOOKUP(X15,'Outright Odds GW4'!$A:$C,2,FALSE) -> 0.17316017 | AB15: =VLOOKUP(X15,'Outright Odds GW4'!$A:$C,3,FALSE) -> 0.045351474 | AC15: A | AD15: =1/4.29/1.03 -> 0.22631091
A16: Newcastle | B16: Aston Villa | C16: =VLOOKUP($A16,'Outright Odds GW1'!$A:$C,2,FALSE) -> 0.013413816 | D16: =VLOOKUP($A16,'Outright Odds GW1'!$A:$C,3,FALSE) -> 0.0047382137 | E16: =VLOOKUP(B16,'Outright Odds GW1'!$A:$C,2,FALSE) -> 0.0094295144 | F16: =VLOOKUP(B16,'Outright Odds GW1'!$A:$C,3,FALSE) -> 0.0063071586 | G16: A | H16: =1/2.96/1.03 -> 0.3279979 | I16: Liverpool | J16: =VLOOKUP($A16,'Outright Odds GW2'!$A:$C,2,FALSE) -> 0.013413816 | K16: =VLOOKUP($A16,'Outright Odds GW2'!$A:$C,3,FALSE) -> 0.0047382137 | L16: =VLOOKUP(I16,'Outright Odds GW2'!$A:$C,2,FALSE) -> 0.32840722 | M16: =VLOOKUP(I16,'Outright Odds GW2'!$A:$C,3,FALSE) -> 0.00095142952 | N16: H | O16: =1/3.11/1.03 -> 0.31217807 | P16: =0.306517 + 0.951949 *J16 - 0.287891 * K16 - 0.897169 * L16 + 0.276643 * M16 + 0.144756 * IF(N16="H",1,0) -> 0.1683046 | Q16: Leeds | R16: =VLOOKUP($A16,'Outright Odds GW3'!$A:$C,2,FALSE) -> 0.01175779 | S16: =VLOOKUP($A16,'Outright Odds GW3'!$A:$C,3,FALSE) -> 0.0094295144 | T16: =VLOOKUP(Q16,'Outright Odds GW3'!$A:$C,2,FALSE) -> 0.00190096 | U16: =VLOOKUP(Q16,'Outright Odds GW3'!$A:$C,3,FALSE) -> 0.29304029 | V16: A | W16: =1/1.97/1.03 -> 0.49282933 | X16: Wolves | Y16: =VLOOKUP($A16,'Outright Odds GW4'!$A:$C,2,FALSE) -> 0.01175779 | Z16: =VLOOKUP($A16,'Outright Odds GW4'!$A:$C,3,FALSE) -> 0.0094295144 | AA16: =VLOOKUP(X16,'Outright Odds GW4'!$A:$C,2,FALSE) -> 0.00063449764 | AB16: =VLOOKUP(X16,'Outright Odds GW4'!$A:$C,3,FALSE) -> 0.38095238 | AC16: H | AD16: =1/1.47/1.03 -> 0.66045836
A17: Nott'm Forest | B17: Brentford | C17: =VLOOKUP($A17,'Outright Odds GW1'!$A:$C,2,FALSE) -> 0.00190096 | D17: =VLOOKUP($A17,'Outright Odds GW1'!$A:$C,3,FALSE) -> 0.086580087 | E17: =VLOOKUP(B17,'Outright Odds GW1'!$A:$C,2,FALSE) -> 0.00095142952 | F17: =VLOOKUP(B17,'Outright Odds GW1'!$A:$C,3,FALSE) -> 0.23809524 | G17: H | H17: =1/1.91/1.03 -> 0.50831088 | I17: Crystal Palace | J17: =VLOOKUP($A17,'Outright Odds GW2'!$A:$C,2,FALSE) -> 0.00190096 | K17: =VLOOKUP($A17,'Outright Odds GW2'!$A:$C,3,FALSE) -> 0.086580087 | L17: =VLOOKUP(I17,'Outright Odds GW2'!$A:$C,2,FALSE) -> 0.00190096 | M17: =VLOOKUP(I17,'Outright Odds GW2'!$A:$C,3,FALSE) -> 0.086580087 | N17: A | O17: =1/3.12/1.03 -> 0.3111775 | P17: =0.306517 + 0.951949 *J17 - 0.287891 * K17 - 0.897169 * L17 + 0.276643 * M17 + 0.144756 * IF(N17="H",1,0) -> 0.30564728 | Q17: West Ham | R17: =VLOOKUP($A17,'Outright Odds GW3'!$A:$C,2,FALSE) -> 0.0063071586 | S17: =VLOOKUP($A17,'Outright Odds GW3'!$A:$C,3,FALSE) -> 0.086580087 | T17: =VLOOKUP(Q17,'Outright Odds GW3'!$A:$C,2,FALSE) -> 0.0004759525 | U17: =VLOOKUP(Q17,'Outright Odds GW3'!$A:$C,3,FALSE) -> 0.34632035 | V17: H | W17: =1/1.71/1.03 -> 0.56776245 | X17: Arsenal | Y17: =VLOOKUP($A17,'Outright Odds GW4'!$A:$C,2,FALSE) -> 0.0063071586 | Z17: =VLOOKUP($A17,'Outright Odds GW4'!$A:$C,3,FALSE) -> 0.086580087 | AA17: =VLOOKUP(X17,'Outright Odds GW4'!$A:$C,2,FALSE) -> 0.34632035 | AB17: =VLOOKUP(X17,'Outright Odds GW4'!$A:$C,3,FALSE) -> 0.00095142952 | AC17: A | AD17: =1/7.14/1.03 -> 0.13597672
A18: Spurs | B18: Burnley | C18: =VLOOKUP($A18,'Outright Odds GW1'!$A:$C,2,FALSE) -> 0.018674136 | D18: =VLOOKUP($A18,'Outright Odds GW1'!$A:$C,3,FALSE) -> 0.0094295144 | E18: =VLOOKUP(B18,'Outright Odds GW1'!$A:$C,2,FALSE) -> 0.0004759525 | F18: =VLOOKUP(B18,'Outright Odds GW1'!$A:$C,3,FALSE) -> 0.68027211 | G18: H | H18: =1/1.57/1.03 -> 0.61839095 | I18: Man City | J18: =VLOOKUP($A18,'Outright Odds GW2'!$A:$C,2,FALSE) -> 0.018674136 | K18: =VLOOKUP($A18,'Outright Odds GW2'!$A:$C,3,FALSE) -> 0.0094295144 | L18: =VLOOKUP(I18,'Outright Odds GW2'!$A:$C,2,FALSE) -> 0.21164021 | M18: =VLOOKUP(I18,'Outright Odds GW2'!$A:$C,3,FALSE) -> 0.045351474 | N18: A | O18: =1/5.59/1.03 -> 0.17368046 | P18: =0.306517 + 0.951949 *J18 - 0.287891 * K18 - 0.897169 * L18 + 0.276643 * M18 + 0.144756 * IF(N18="H",1,0) -> 0.14424828 | Q18: Bournemouth | R18: =VLOOKUP($A18,'Outright Odds GW3'!$A:$C,2,FALSE) -> 0.036630037 | S18: =VLOOKUP($A18,'Outright Odds GW3'!$A:$C,3,FALSE) -> 0.0063071586 | T18: =VLOOKUP(Q18,'Outright Odds GW3'!$A:$C,2,FALSE) -> 0.00190096 | U18: =VLOOKUP(Q18,'Outright Odds GW3'!$A:$C,3,FALSE) -> 0.086580087 | V18: H | W18: =1/1.7/1.03 -> 0.57110223 | X18: West Ham | Y18: =VLOOKUP($A18,'Outright Odds GW4'!$A:$C,2,FALSE) -> 0.036630037 | Z18: =VLOOKUP($A18,'Outright Odds GW4'!$A:$C,3,FALSE) -> 0.0063071586 | AA18: =VLOOKUP(X18,'Outright Odds GW4'!$A:$C,2,FALSE) -> 0.0004759525 | AB18: =VLOOKUP(X18,'Outright Odds GW4'!$A:$C,3,FALSE) -> 0.34632035 | AC18: A | AD18: =1/1.91/1.03 -> 0.50831088
A19: Sunderland | B19: West Ham | C19: =VLOOKUP($A19,'Outright Odds GW1'!$A:$C,2,FALSE) -> 0.0004759525 | D19: =VLOOKUP($A19,'Outright Odds GW1'!$A:$C,3,FALSE) -> 0.65934066 | E19: =VLOOKUP(B19,'Outright Odds GW1'!$A:$C,2,FALSE) -> 0.00095142952 | F19: =VLOOKUP(B19,'Outright Odds GW1'!$A:$C,3,FALSE) -> 0.14652015 | G19: H | H19: =1/3.46/1.03 -> 0.28059936 | I19: Burnley | J19: =VLOOKUP($A19,'Outright Odds GW2'!$A:$C,2,FALSE) -> 0.0004759525 | K19: =VLOOKUP($A19,'Outright Odds GW2'!$A:$C,3,FALSE) -> 0.65934066 | L19: =VLOOKUP(I19,'Outright Odds GW2'!$A:$C,2,FALSE) -> 0.0004759525 | M19: =VLOOKUP(I19,'Outright Odds GW2'!$A:$C,3,FALSE) -> 0.68027211 | N19: A | O19: =1/3.21/1.03 -> 0.30245289 | P19: =0.306517 + 0.951949 *J19 - 0.287891 * K19 - 0.897169 * L19 + 0.276643 * M19 + 0.144756 * IF(N19="H",1,0) -> 0.30491735 | Q19: Brentford | R19: =VLOOKUP($A19,'Outright Odds GW3'!$A:$C,2,FALSE) -> 0.00063449764 | S19: =VLOOKUP($A19,'Outright Odds GW3'!$A:$C,3,FALSE) -> 0.60661207 | T19: =VLOOKUP(Q19,'Outright Odds GW3'!$A:$C,2,FALSE) -> 0.00095142952 | U19: =VLOOKUP(Q19,'Outright Odds GW3'!$A:$C,3,FALSE) -> 0.25396825 | V19: H | W19: =1/2.67/1.03 -> 0.36362314 | X19: Crystal Palace | Y19: =VLOOKUP($A19,'Outright Odds GW4'!$A:$C,2,FALSE) -> 0.00063449764 | Z19: =VLOOKUP($A19,'Outright Odds GW4'!$A:$C,3,FALSE) -> 0.60661207 | AA19: =VLOOKUP(X19,'Outright Odds GW4'!$A:$C,2,FALSE) -> 0.00190096 | AB19: =VLOOKUP(X19,'Outright Odds GW4'!$A:$C,3,FALSE) -> 0.095238095 | AC19: A | AD19: =1/4.89/1.03 -> 0.1985427
A20: West Ham | B20: Sunderland | C20: =VLOOKUP($A20,'Outright Odds GW1'!$A:$C,2,FALSE) -> 0.00095142952 | D20: =VLOOKUP($A20,'Outright Odds GW1'!$A:$C,3,FALSE) -> 0.14652015 | E20: =VLOOKUP(B20,'Outright Odds GW1'!$A:$C,2,FALSE) -> 0.0004759525 | F20: =VLOOKUP(B20,'Outright Odds GW1'!$A:$C,3,FALSE) -> 0.65934066 | G20: A | H20: =1/2.25/1.03 -> 0.43149946 | I20: Chelsea | J20: =VLOOKUP($A20,'Outright Odds GW2'!$A:$C,2,FALSE) -> 0.00095142952 | K20: =VLOOKUP($A20,'Outright Odds GW2'!$A:$C,3,FALSE) -> 0.14652015 | L20: =VLOOKUP(I20,'Outright Odds GW2'!$A:$C,2,FALSE) -> 0.095238095 | M20: =VLOOKUP(I20,'Outright Odds GW2'!$A:$C,3,FALSE) -> 0.0047382137 | N20: H | O20: =1/4.72/1.03 -> 0.2056936 | P20: =0.306517 + 0.951949 *J20 - 0.287891 * K20 - 0.897169 * L20 + 0.276643 * M20 + 0.144756 * IF(N20="H",1,0) -> 0.32586301 | Q20: Nott'm Forest | R20: =VLOOKUP($A20,'Outright Odds GW3'!$A:$C,2,FALSE) -> 0.0004759525 | S20: =VLOOKUP($A20,'Outright Odds GW3'!$A:$C,3,FALSE) -> 0.34632035 | T20: =VLOOKUP(Q20,'Outright Odds GW3'!$A:$C,2,FALSE) -> 0.0063071586 | U20: =VLOOKUP(Q20,'Outright Odds GW3'!$A:$C,3,FALSE) -> 0.086580087 | V20: A | W20: =1/5.02/1.03 -> 0.19340115 | X20: Spurs | Y20: =VLOOKUP($A20,'Outright Odds GW4'!$A:$C,2,FALSE) -> 0.0004759525 | Z20: =VLOOKUP($A20,'Outright Odds GW4'!$A:$C,3,FALSE) -> 0.34632035 | AA20: =VLOOKUP(X20,'Outright Odds GW4'!$A:$C,2,FALSE) -> 0.036630037 | AB20: =VLOOKUP(X20,'Outright Odds GW4'!$A:$C,3,FALSE) -> 0.0063071586 | AC20: H | AD20: =1/3.86/1.03 -> 0.25152171
A21: Wolves | B21: Man City | C21: =VLOOKUP($A21,'Outright Odds GW1'!$A:$C,2,FALSE) -> 0.00095142952 | D21: =VLOOKUP($A21,'Outright Odds GW1'!$A:$C,3,FALSE) -> 0.21978022 | E21: =VLOOKUP(B21,'Outright Odds GW1'!$A:$C,2,FALSE) -> 0.21164021 | F21: =VLOOKUP(B21,'Outright Odds GW1'!$A:$C,3,FALSE) -> 0.045351474 | G21: H | H21: =1/6.33/1.03 -> 0.15337659 | I21: Bournemouth | J21: =VLOOKUP($A21,'Outright Odds GW2'!$A:$C,2,FALSE) -> 0.00095142952 | K21: =VLOOKUP($A21,'Outright Odds GW2'!$A:$C,3,FALSE) -> 0.21978022 | L21: =VLOOKUP(I21,'Outright Odds GW2'!$A:$C,2,FALSE) -> 0.0012681504 | M21: =VLOOKUP(I21,'Outright Odds GW2'!$A:$C,3,FALSE) -> 0.079365079 | N21: A | O21: =1/4.44/1.03 -> 0.21866527 | P21: =0.306517 + 0.951949 *J21 - 0.287891 * K21 - 0.897169 * L21 + 0.276643 * M21 + 0.144756 * IF(N21="H",1,0) -> 0.26496801 | Q21: Everton | R21: =VLOOKUP($A21,'Outright Odds GW3'!$A:$C,2,FALSE) -> 0.00063449764 | S21: =VLOOKUP($A21,'Outright Odds GW3'!$A:$C,3,FALSE) -> 0.38095238 | T21: =VLOOKUP(Q21,'Outright Odds GW3'!$A:$C,2,FALSE) -> 0.00190096 | U21: =VLOOKUP(Q21,'Outright Odds GW3'!$A:$C,3,FALSE) -> 0.095238095 | V21: H | W21: =1/2.47/1.03 -> 0.39306631 | X21: Newcastle | Y21: =VLOOKUP($A21,'Outright Odds GW4'!$A:$C,2,FALSE) -> 0.00063449764 | Z21: =VLOOKUP($A21,'Outright Odds GW4'!$A:$C,3,FALSE) -> 0.38095238 | AA21: =VLOOKUP(X21,'Outright Odds GW4'!$A:$C,2,FALSE) -> 0.01175779 | AB21: =VLOOKUP(X21,'Outright Odds GW4'!$A:$C,3,FALSE) -> 0.0094295144 | AC21: A | AD21: =1/6.51/1.03 -> 0.14913576

Sheet Outright Odds GW1
A1: Team | B1: Winner | C1: Relegation
A2: Liverpool | B2: 0.32840722 | C2: 0.00095142952
A3: Arsenal | B3: 0.26092629 | C3: 0.00095142952
A4: Man City | B4: 0.21164021 | C4: 0.045351474
A5: Chelsea | B5: 0.095238095 | C5: 0.0047382137
A6: Man Utd | B6: 0.036630037 | C6: 0.018674136
A7: Spurs | B7: 0.018674136 | C7: 0.0094295144
A8: Newcastle | B8: 0.013413816 | C8: 0.0047382137
A9: Aston Villa | B9: 0.0094295144 | C9: 0.0063071586
A10: Brighton | B10: 0.0037943464 | C10: 0.041407867
A11: Crystal Palace | B11: 0.00190096 | C11: 0.086580087
A12: Everton | B12: 0.00190096 | C12: 0.10025063
A13: Nott'm Forest | B13: 0.00190096 | C13: 0.086580087
... A21: Burnley | B21: 0.0004759525 | C21: 0.68027211

Sheet Outright Odds GW2
A1: Team | B1: Winner | C1: Relegation
A2: Liverpool | B2: 0.32840722 | C2: 0.00095142952
A3: Arsenal | B3: 0.26092629 | C3: 0.00095142952
A4: Man City | B4: 0.21164021 | C4: 0.045351474
A5: Chelsea | B5: 0.095238095 | C5: 0.0047382137
A6: Man Utd | B6: 0.036630037 | C6: 0.018674136
A7: Spurs | B7: 0.018674136 | C7: 0.0094295144
A8: Newcastle | B8: 0.013413816 | C8: 0.0047382137
A9: Aston Villa | B9: 0.0094295144 | C9: 0.0063071586
A10: Brighton | B10: 0.0037943464 | C10: 0.041407867
A11: Crystal Palace | B11: 0.00190096 | C11: 0.086580087
A12: Everton | B12: 0.00190096 | C12: 0.10025063
A13: Nott'm Forest | B13: 0.00190096 | C13: 0.086580087
... A21: Burnley | B21: 0.0004759525 | C21: 0.68027211

Sheet Outright Odds GW3
A1: Team | B1: Winner | C1: Relegation
A2: Arsenal | B2: 0.34632035 | C2: 0.00095142952
A3: Aston Villa | B3: 0.0063071586 | C3: 0.018674136
A4: Bournemouth | B4: 0.00190096 | C4: 0.086580087
A5: Brentford | B5: 0.00095142952 | C5: 0.25396825
A6: Brighton | B6: 0.00190096 | C6: 0.056022409
A7: Burnley | B7: 0.00063449764 | C7: 0.70028011
A8: Chelsea | B8: 0.11904762 | C8: 0.00190096
A9: Crystal Palace | B9: 0.00190096 | C9: 0.095238095
A10: Everton | B10: 0.00190096 | C10: 0.095238095
A11: Fulham | B11: 0.00095142952 | C11: 0.095238095
A12: Leeds | B12: 0.00190096 | C12: 0.29304029
A13: Liverpool | B13: 0.34632035 | C13: 0.00063449764
... A21: Wolves | B21: 0.00063449764 | C21: 0.38095238

Sheet Outright Odds GW4
A1: Team | B1: Winner | C1: Relegation
A2: Arsenal | B2: 0.34632035 | C2: 0.00095142952
A3: Aston Villa | B3: 0.0063071586 | C3: 0.018674136
A4: Bournemouth | B4: 0.00190096 | C4: 0.086580087
A5: Brentford | B5: 0.00095142952 | C5: 0.25396825
A6: Brighton | B6: 0.00190096 | C6: 0.056022409
A7: Burnley | B7: 0.00063449764 | C7: 0.70028011
A8: Chelsea | B8: 0.11904762 | C8: 0.00190096
A9: Crystal Palace | B9: 0.00190096 | C9: 0.095238095
A10: Everton | B10: 0.00190096 | C10: 0.095238095
A11: Fulham | B11: 0.00095142952 | C11: 0.095238095
A12: Leeds | B12: 0.00190096 | C12: 0.29304029
A13: Liverpool | B13: 0.34632035 | C13: 0.00063449764
... A21: Wolves | B21: 0.00063449764 | C21: 0.38095238
